{
    "arm1Angle": 154.74801635742188,
    "arm2Angle": 322.4112548828125
}